[
  {
    "constituency_code": 95,
    "constituency_name": "LABWOR COUNTY",
    "district_code": 70,
    "district_name": "ABIM"
  },
  {
    "constituency_code": 239,
    "constituency_name": "ADJUMANI EAST COUNTY",
    "district_code": 40,
    "district_name": "ADJUMANI"
  },
  {
    "constituency_code": 151,
    "constituency_name": "ADJUMANI WEST COUNTY",
    "district_code": 40,
    "district_name": "ADJUMANI"
  },
  {
    "constituency_code": 89,
    "constituency_name": "AGAGO COUNTY",
    "district_code": 111,
    "district_name": "AGAGO"
  },
  {
    "constituency_code": 240,
    "constituency_name": "AGAGO NORTH COUNTY",
    "district_code": 111,
    "district_name": "AGAGO"
  },
  {
    "constituency_code": 303,
    "constituency_name": "AGAGO WEST COUNTY",
    "district_code": 111,
    "district_name": "AGAGO"
  },
  {
    "constituency_code": 216,
    "constituency_name": "AJURI COUNTY",
    "district_code": 88,
    "district_name": "ALEBTONG"
  },
  {
    "constituency_code": 103,
    "constituency_name": "MOROTO COUNTY",
    "district_code": 88,
    "district_name": "ALEBTONG"
  },
  {
    "constituency_code": 102,
    "constituency_name": "KIOGA COUNTY",
    "district_code": 57,
    "district_name": "AMOLATAR"
  },
  {
    "constituency_code": 319,
    "constituency_name": "KIOGA NORTH COUNTY",
    "district_code": 57,
    "district_name": "AMOLATAR"
  },
  {
    "constituency_code": 149,
    "constituency_name": "UPE COUNTY",
    "district_code": 81,
    "district_name": "AMUDAT"
  },
  {
    "constituency_code": 199,
    "constituency_name": "AMURIA COUNTY",
    "district_code": 58,
    "district_name": "AMURIA"
  },
  {
    "constituency_code": 276,
    "constituency_name": "ORUNGO COUNTY",
    "district_code": 58,
    "district_name": "AMURIA"
  },
  {
    "constituency_code": 265,
    "constituency_name": "KILAK NORTH COUNTY",
    "district_code": 71,
    "district_name": "AMURU"
  },
  {
    "constituency_code": 24,
    "constituency_name": "KILAK SOUTH COUNTY",
    "district_code": 71,
    "district_name": "AMURU"
  },
  {
    "constituency_code": 291,
    "constituency_name": "APAC MUNICIPALITY",
    "district_code": 1,
    "district_name": "APAC"
  },
  {
    "constituency_code": 3,
    "constituency_name": "MARUZI COUNTY",
    "district_code": 1,
    "district_name": "APAC"
  },
  {
    "constituency_code": 340,
    "constituency_name": "MARUZI NORTH COUNTY",
    "district_code": 1,
    "district_name": "APAC"
  },
  {
    "constituency_code": 12,
    "constituency_name": "VURRA COUNTY",
    "district_code": 2,
    "district_name": "ARUA"
  },
  {
    "constituency_code": 13,
    "constituency_name": "ARUA CENTRAL DIVISION",
    "district_code": 136,
    "district_name": "ARUA CITY"
  },
  {
    "constituency_code": 7,
    "constituency_name": "AYIVU DIVISION EAST",
    "district_code": 136,
    "district_name": "ARUA CITY"
  },
  {
    "constituency_code": 352,
    "constituency_name": "AYIVU DIVISION WEST",
    "district_code": 136,
    "district_name": "ARUA CITY"
  },
  {
    "constituency_code": 187,
    "constituency_name": "BUDAKA COUNTY",
    "district_code": 72,
    "district_name": "BUDAKA"
  },
  {
    "constituency_code": 238,
    "constituency_name": "IKI-IKI COUNTY",
    "district_code": 72,
    "district_name": "BUDAKA"
  },
  {
    "constituency_code": 336,
    "constituency_name": "BUSHIGAI COUNTY",
    "district_code": 78,
    "district_name": "BUDUDA"
  },
  {
    "constituency_code": 270,
    "constituency_name": "LUTSESHE COUNTY",
    "district_code": 78,
    "district_name": "BUDUDA"
  },
  {
    "constituency_code": 133,
    "constituency_name": "MANJIYA COUNTY",
    "district_code": 78,
    "district_name": "BUDUDA"
  },
  {
    "constituency_code": 295,
    "constituency_name": "BUGIRI MUNICIPALITY",
    "district_code": 41,
    "district_name": "BUGIRI"
  },
  {
    "constituency_code": 31,
    "constituency_name": "BUKOOLI COUNTY CENTRAL",
    "district_code": 41,
    "district_name": "BUGIRI"
  },
  {
    "constituency_code": 32,
    "constituency_name": "BUKOOLI COUNTY NORTH",
    "district_code": 41,
    "district_name": "BUGIRI"
  },
  {
    "constituency_code": 30,
    "constituency_name": "BUGWERI COUNTY",
    "district_code": 123,
    "district_name": "BUGWERI"
  },
  {
    "constituency_code": 16,
    "constituency_name": "BUHWEJU COUNTY",
    "district_code": 109,
    "district_name": "BUHWEJU"
  },
  {
    "constituency_code": 304,
    "constituency_name": "BUHWEJU WEST COUNTY",
    "district_code": 109,
    "district_name": "BUHWEJU"
  },
  {
    "constituency_code": 174,
    "constituency_name": "BUIKWE COUNTY SOUTH",
    "district_code": 82,
    "district_name": "BUIKWE"
  },
  {
    "constituency_code": 173,
    "constituency_name": "LUGAZI MUNICIPALITY",
    "district_code": 82,
    "district_name": "BUIKWE"
  },
  {
    "constituency_code": 172,
    "constituency_name": "NJERU MUNICIPALITY",
    "district_code": 82,
    "district_name": "BUIKWE"
  },
  {
    "constituency_code": 96,
    "constituency_name": "BUKEDEA COUNTY",
    "district_code": 79,
    "district_name": "BUKEDEA"
  },
  {
    "constituency_code": 257,
    "constituency_name": "KACHUMBALA COUNTY",
    "district_code": 79,
    "district_name": "BUKEDEA"
  },
  {
    "constituency_code": 111,
    "constituency_name": "BUKOMANSIMBI NORTH COUNTY",
    "district_code": 98,
    "district_name": "BUKOMANSIMBI"
  },
  {
    "constituency_code": 244,
    "constituency_name": "BUKOMANSIMBI SOUTH COUNTY",
    "district_code": 98,
    "district_name": "BUKOMANSIMBI"
  },
  {
    "constituency_code": 74,
    "constituency_name": "KONGASIS COUNTY",
    "district_code": 59,
    "district_name": "BUKWO"
  },
  {
    "constituency_code": 326,
    "constituency_name": "T'OO COUNTY",
    "district_code": 59,
    "district_name": "BUKWO"
  },
  {
    "constituency_code": 130,
    "constituency_name": "BULAMBULI COUNTY",
    "district_code": 89,
    "district_name": "BULAMBULI"
  },
  {
    "constituency_code": 253,
    "constituency_name": "ELGON COUNTY",
    "district_code": 89,
    "district_name": "BULAMBULI"
  },
  {
    "constituency_code": 346,
    "constituency_name": "ELGON NORTH COUNTY",
    "district_code": 89,
    "district_name": "BULAMBULI"
  },
  {
    "constituency_code": 123,
    "constituency_name": "BULIISA COUNTY",
    "district_code": 73,
    "district_name": "BULIISA"
  },
  {
    "constituency_code": 215,
    "constituency_name": "BUGHENDERA COUNTY",
    "district_code": 3,
    "district_name": "BUNDIBUGYO"
  },
  {
    "constituency_code": 14,
    "constituency_name": "BWAMBA COUNTY",
    "district_code": 3,
    "district_name": "BUNDIBUGYO"
  },
  {
    "constituency_code": 51,
    "constituency_name": "BUNYANGABU COUNTY",
    "district_code": 117,
    "district_name": "BUNYANGABU"
  },
  {
    "constituency_code": 225,
    "constituency_name": "BUSHENYI -ISHAKA MUNICIPALITY",
    "district_code": 4,
    "district_name": "BUSHENYI"
  },
  {
    "constituency_code": 18,
    "constituency_name": "IGARA COUNTY EAST",
    "district_code": 4,
    "district_name": "BUSHENYI"
  },
  {
    "constituency_code": 19,
    "constituency_name": "IGARA COUNTY WEST",
    "district_code": 4,
    "district_name": "BUSHENYI"
  },
  {
    "constituency_code": 226,
    "constituency_name": "BUSIA MUNICIPALITY",
    "district_code": 42,
    "district_name": "BUSIA"
  },
  {
    "constituency_code": 348,
    "constituency_name": "SAMIA BUGWE CENTRAL COUNTY",
    "district_code": 42,
    "district_name": "BUSIA"
  },
  {
    "constituency_code": 211,
    "constituency_name": "SAMIA BUGWE COUNTY NORTH",
    "district_code": 42,
    "district_name": "BUSIA"
  },
  {
    "constituency_code": 212,
    "constituency_name": "SAMIA BUGWE COUNTY SOUTH",
    "district_code": 42,
    "district_name": "BUSIA"
  },
  {
    "constituency_code": 208,
    "constituency_name": "BUNYOLE EAST COUNTY",
    "district_code": 60,
    "district_name": "BUTALEJA"
  },
  {
    "constituency_code": 236,
    "constituency_name": "BUNYOLE WEST COUNTY",
    "district_code": 60,
    "district_name": "BUTALEJA"
  },
  {
    "constituency_code": 157,
    "constituency_name": "BUTAMBALA COUNTY",
    "district_code": 99,
    "district_name": "BUTAMBALA"
  },
  {
    "constituency_code": 188,
    "constituency_name": "BUTEBO COUNTY",
    "district_code": 118,
    "district_name": "BUTEBO"
  },
  {
    "constituency_code": 175,
    "constituency_name": "BUVUMA ISLANDS COUNTY",
    "district_code": 90,
    "district_name": "BUVUMA"
  },
  {
    "constituency_code": 217,
    "constituency_name": "BUDIOPE EAST COUNTY",
    "district_code": 83,
    "district_name": "BUYENDE"
  },
  {
    "constituency_code": 69,
    "constituency_name": "BUDIOPE WEST COUNTY",
    "district_code": 83,
    "district_name": "BUYENDE"
  },
  {
    "constituency_code": 99,
    "constituency_name": "DOKOLO NORTH COUNTY",
    "district_code": 74,
    "district_name": "DOKOLO"
  },
  {
    "constituency_code": 252,
    "constituency_name": "DOKOLO SOUTH COUNTY",
    "district_code": 74,
    "district_name": "DOKOLO"
  },
  {
    "constituency_code": 58,
    "constituency_name": "FORT PORTAL MUNICIPALITY",
    "district_code": 139,
    "district_name": "FORT PORTAL CITY"
  },
  {
    "constituency_code": 297,
    "constituency_name": "FORT PORTAL NORTH DIVISION",
    "district_code": 139,
    "district_name": "FORT PORTAL CITY"
  },
  {
    "constituency_code": 158,
    "constituency_name": "GOMBA EAST COUNTY",
    "district_code": 91,
    "district_name": "GOMBA"
  },
  {
    "constituency_code": 254,
    "constituency_name": "GOMBA WEST COUNTY",
    "district_code": 91,
    "district_name": "GOMBA"
  },
  {
    "constituency_code": 23,
    "constituency_name": "ASWA COUNTY",
    "district_code": 5,
    "district_name": "GULU"
  },
  {
    "constituency_code": 27,
    "constituency_name": "BARDEGE-LAYIBI DIVISION",
    "district_code": 137,
    "district_name": "GULU CITY"
  },
  {
    "constituency_code": 298,
    "constituency_name": "LAROO-PECE DIVISION",
    "district_code": 137,
    "district_name": "GULU CITY"
  },
  {
    "constituency_code": 28,
    "constituency_name": "BUGAHYA COUNTY",
    "district_code": 6,
    "district_name": "HOIMA"
  },
  {
    "constituency_code": 264,
    "constituency_name": "KIGOROBYA COUNTY",
    "district_code": 6,
    "district_name": "HOIMA"
  },
  {
    "constituency_code": 227,
    "constituency_name": "HOIMA EAST DIVISION",
    "district_code": 145,
    "district_name": "HOIMA CITY"
  },
  {
    "constituency_code": 350,
    "constituency_name": "HOIMA WEST DIVISION",
    "district_code": 145,
    "district_name": "HOIMA CITY"
  },
  {
    "constituency_code": 136,
    "constituency_name": "IBANDA COUNTY NORTH",
    "district_code": 61,
    "district_name": "IBANDA"
  },
  {
    "constituency_code": 137,
    "constituency_name": "IBANDA COUNTY SOUTH",
    "district_code": 61,
    "district_name": "IBANDA"
  },
  {
    "constituency_code": 293,
    "constituency_name": "IBANDA MUNICIPALITY",
    "district_code": 61,
    "district_name": "IBANDA"
  },
  {
    "constituency_code": 228,
    "constituency_name": "IGANGA MUNICIPALITY",
    "district_code": 7,
    "district_name": "IGANGA"
  },
  {
    "constituency_code": 38,
    "constituency_name": "KIGULU COUNTY NORTH",
    "district_code": 7,
    "district_name": "IGANGA"
  },
  {
    "constituency_code": 39,
    "constituency_name": "KIGULU COUNTY SOUTH",
    "district_code": 7,
    "district_name": "IGANGA"
  },
  {
    "constituency_code": 135,
    "constituency_name": "BUKANGA COUNTY",
    "district_code": 62,
    "district_name": "ISINGIRO"
  },
  {
    "constituency_code": 305,
    "constituency_name": "BUKANGA NORTH COUNTY",
    "district_code": 62,
    "district_name": "ISINGIRO"
  },
  {
    "constituency_code": 138,
    "constituency_name": "ISINGIRO COUNTY NORTH",
    "district_code": 62,
    "district_name": "ISINGIRO"
  },
  {
    "constituency_code": 139,
    "constituency_name": "ISINGIRO COUNTY SOUTH",
    "district_code": 62,
    "district_name": "ISINGIRO"
  },
  {
    "constituency_code": 325,
    "constituency_name": "ISINGIRO WEST COUNTY",
    "district_code": 62,
    "district_name": "ISINGIRO"
  },
  {
    "constituency_code": 41,
    "constituency_name": "BUTEMBE COUNTY",
    "district_code": 8,
    "district_name": "JINJA"
  },
  {
    "constituency_code": 42,
    "constituency_name": "KAGOMA COUNTY",
    "district_code": 8,
    "district_name": "JINJA"
  },
  {
    "constituency_code": 306,
    "constituency_name": "KAGOMA NORTH COUNTY",
    "district_code": 8,
    "district_name": "JINJA"
  },
  {
    "constituency_code": 299,
    "constituency_name": "JINJA NORTH DIVISION",
    "district_code": 138,
    "district_name": "JINJA CITY"
  },
  {
    "constituency_code": 43,
    "constituency_name": "JINJA SOUTH DIVISION EAST",
    "district_code": 138,
    "district_name": "JINJA CITY"
  },
  {
    "constituency_code": 44,
    "constituency_name": "JINJA SOUTH DIVISION WEST",
    "district_code": 138,
    "district_name": "JINJA CITY"
  },
  {
    "constituency_code": 93,
    "constituency_name": "DODOTH EAST COUNTY",
    "district_code": 63,
    "district_name": "KAABONG"
  },
  {
    "constituency_code": 341,
    "constituency_name": "DODOTH NORTH COUNTY",
    "district_code": 63,
    "district_name": "KAABONG"
  },
  {
    "constituency_code": 255,
    "constituency_name": "IK COUNTY",
    "district_code": 63,
    "district_name": "KAABONG"
  },
  {
    "constituency_code": 50,
    "constituency_name": "KABALE MUNICIPALITY",
    "district_code": 9,
    "district_name": "KABALE"
  },
  {
    "constituency_code": 45,
    "constituency_name": "NDORWA COUNTY EAST",
    "district_code": 9,
    "district_name": "KABALE"
  },
  {
    "constituency_code": 46,
    "constituency_name": "NDORWA COUNTY WEST",
    "district_code": 9,
    "district_name": "KABALE"
  },
  {
    "constituency_code": 52,
    "constituency_name": "BURAHYA COUNTY",
    "district_code": 10,
    "district_name": "KABAROLE"
  },
  {
    "constituency_code": 200,
    "constituency_name": "KABERAMAIDO COUNTY",
    "district_code": 54,
    "district_name": "KABERAMAIDO"
  },
  {
    "constituency_code": 327,
    "constituency_name": "OCHERO COUNTY",
    "district_code": 54,
    "district_name": "KABERAMAIDO"
  },
  {
    "constituency_code": 82,
    "constituency_name": "BUYAGA EAST COUNTY",
    "district_code": 113,
    "district_name": "KAGADI"
  },
  {
    "constituency_code": 220,
    "constituency_name": "BUYAGA WEST COUNTY",
    "district_code": 113,
    "district_name": "KAGADI"
  },
  {
    "constituency_code": 219,
    "constituency_name": "BUGANGAIZI EAST COUNTY",
    "district_code": 114,
    "district_name": "KAKUMIRO"
  },
  {
    "constituency_code": 307,
    "constituency_name": "BUGANGAIZI SOUTH COUNTY",
    "district_code": 114,
    "district_name": "KAKUMIRO"
  },
  {
    "constituency_code": 81,
    "constituency_name": "BUGANGAIZI WEST COUNTY",
    "district_code": 114,
    "district_name": "KAKUMIRO"
  },
  {
    "constituency_code": 201,
    "constituency_name": "KALAKI COUNTY",
    "district_code": 129,
    "district_name": "KALAKI"
  },
  {
    "constituency_code": 59,
    "constituency_name": "BUJUMBA COUNTY",
    "district_code": 11,
    "district_name": "KALANGALA"
  },
  {
    "constituency_code": 60,
    "constituency_name": "KYAMUSWA COUNTY",
    "district_code": 11,
    "district_name": "KALANGALA"
  },
  {
    "constituency_code": 72,
    "constituency_name": "BULAMOGI COUNTY",
    "district_code": 64,
    "district_name": "KALIRO"
  },
  {
    "constituency_code": 247,
    "constituency_name": "BULAMOGI NORTH WEST COUNTY",
    "district_code": 64,
    "district_name": "KALIRO"
  },
  {
    "constituency_code": 117,
    "constituency_name": "KALUNGU EAST COUNTY",
    "district_code": 100,
    "district_name": "KALUNGU"
  },
  {
    "constituency_code": 118,
    "constituency_name": "KALUNGU WEST COUNTY",
    "district_code": 100,
    "district_name": "KALUNGU"
  },
  {
    "constituency_code": 61,
    "constituency_name": "KAMPALA CENTRAL DIVISION",
    "district_code": 12,
    "district_name": "KAMPALA"
  },
  {
    "constituency_code": 62,
    "constituency_name": "KAWEMPE DIVISION NORTH",
    "district_code": 12,
    "district_name": "KAMPALA"
  },
  {
    "constituency_code": 63,
    "constituency_name": "KAWEMPE DIVISION SOUTH",
    "district_code": 12,
    "district_name": "KAMPALA"
  },
  {
    "constituency_code": 64,
    "constituency_name": "MAKINDYE DIVISION EAST",
    "district_code": 12,
    "district_name": "KAMPALA"
  },
  {
    "constituency_code": 65,
    "constituency_name": "MAKINDYE DIVISION WEST",
    "district_code": 12,
    "district_name": "KAMPALA"
  },
  {
    "constituency_code": 68,
    "constituency_name": "NAKAWA DIVISION EAST",
    "district_code": 12,
    "district_name": "KAMPALA"
  },
  {
    "constituency_code": 353,
    "constituency_name": "NAKAWA DIVISION WEST",
    "district_code": 12,
    "district_name": "KAMPALA"
  },
  {
    "constituency_code": 66,
    "constituency_name": "RUBAGA DIVISION NORTH",
    "district_code": 12,
    "district_name": "KAMPALA"
  },
  {
    "constituency_code": 67,
    "constituency_name": "RUBAGA DIVISION SOUTH",
    "district_code": 12,
    "district_name": "KAMPALA"
  },
  {
    "constituency_code": 70,
    "constituency_name": "BUGABULA COUNTY NORTH",
    "district_code": 13,
    "district_name": "KAMULI"
  },
  {
    "constituency_code": 71,
    "constituency_name": "BUGABULA COUNTY SOUTH",
    "district_code": 13,
    "district_name": "KAMULI"
  },
  {
    "constituency_code": 73,
    "constituency_name": "BUZAAYA COUNTY",
    "district_code": 13,
    "district_name": "KAMULI"
  },
  {
    "constituency_code": 282,
    "constituency_name": "KAMULI MUNICIPALITY",
    "district_code": 13,
    "district_name": "KAMULI"
  },
  {
    "constituency_code": 53,
    "constituency_name": "KIBALE COUNTY",
    "district_code": 46,
    "district_name": "KAMWENGE"
  },
  {
    "constituency_code": 262,
    "constituency_name": "KIBALE EAST COUNTY",
    "district_code": 46,
    "district_name": "KAMWENGE"
  },
  {
    "constituency_code": 195,
    "constituency_name": "KINKIZI COUNTY EAST",
    "district_code": 55,
    "district_name": "KANUNGU"
  },
  {
    "constituency_code": 196,
    "constituency_name": "KINKIZI COUNTY WEST",
    "district_code": 55,
    "district_name": "KANUNGU"
  },
  {
    "constituency_code": 283,
    "constituency_name": "KAPCHORWA MUNICIPALITY",
    "district_code": 14,
    "district_name": "KAPCHORWA"
  },
  {
    "constituency_code": 76,
    "constituency_name": "TINGEY COUNTY",
    "district_code": 14,
    "district_name": "KAPCHORWA"
  },
  {
    "constituency_code": 202,
    "constituency_name": "KAPELEBYONG COUNTY",
    "district_code": 124,
    "district_name": "KAPELEBYONG"
  },
  {
    "constituency_code": 237,
    "constituency_name": "DODOTH WEST COUNTY",
    "district_code": 130,
    "district_name": "KARENGA"
  },
  {
    "constituency_code": 320,
    "constituency_name": "NAPORE WEST COUNTY",
    "district_code": 130,
    "district_name": "KARENGA"
  },
  {
    "constituency_code": 78,
    "constituency_name": "BUKONJO COUNTY WEST",
    "district_code": 15,
    "district_name": "KASESE"
  },
  {
    "constituency_code": 77,
    "constituency_name": "BUKONZO COUNTY EAST",
    "district_code": 15,
    "district_name": "KASESE"
  },
  {
    "constituency_code": 79,
    "constituency_name": "BUSONGORA COUNTY NORTH",
    "district_code": 15,
    "district_name": "KASESE"
  },
  {
    "constituency_code": 80,
    "constituency_name": "BUSONGORA COUNTY SOUTH",
    "district_code": 15,
    "district_name": "KASESE"
  },
  {
    "constituency_code": 229,
    "constituency_name": "KASESE MUNICIPALITY",
    "district_code": 15,
    "district_name": "KASESE"
  },
  {
    "constituency_code": 246,
    "constituency_name": "BUKUYA COUNTY",
    "district_code": 125,
    "district_name": "KASSANDA"
  },
  {
    "constituency_code": 167,
    "constituency_name": "KASSANDA COUNTY NORTH",
    "district_code": 125,
    "district_name": "KASSANDA"
  },
  {
    "constituency_code": 168,
    "constituency_name": "KASSANDA COUNTY SOUTH",
    "district_code": 125,
    "district_name": "KASSANDA"
  },
  {
    "constituency_code": 317,
    "constituency_name": "NGARIAM COUNTY",
    "district_code": 43,
    "district_name": "KATAKWI"
  },
  {
    "constituency_code": 224,
    "constituency_name": "TOROMA COUNTY",
    "district_code": 43,
    "district_name": "KATAKWI"
  },
  {
    "constituency_code": 206,
    "constituency_name": "USUK COUNTY",
    "district_code": 43,
    "district_name": "KATAKWI"
  },
  {
    "constituency_code": 171,
    "constituency_name": "BBALE COUNTY",
    "district_code": 47,
    "district_name": "KAYUNGA"
  },
  {
    "constituency_code": 179,
    "constituency_name": "NTENJERU COUNTY NORTH",
    "district_code": 47,
    "district_name": "KAYUNGA"
  },
  {
    "constituency_code": 180,
    "constituency_name": "NTENJERU COUNTY SOUTH",
    "district_code": 47,
    "district_name": "KAYUNGA"
  },
  {
    "constituency_code": 141,
    "constituency_name": "KAZO COUNTY",
    "district_code": 131,
    "district_name": "KAZO"
  },
  {
    "constituency_code": 83,
    "constituency_name": "BUYANJA COUNTY",
    "district_code": 16,
    "district_name": "KIBAALE"
  },
  {
    "constituency_code": 308,
    "constituency_name": "BUYANJA EAST COUNTY",
    "district_code": 16,
    "district_name": "KIBAALE"
  },
  {
    "constituency_code": 84,
    "constituency_name": "KIBOGA EAST COUNTY",
    "district_code": 17,
    "district_name": "KIBOGA"
  },
  {
    "constituency_code": 309,
    "constituency_name": "KIBOGA WEST COUNTY",
    "district_code": 17,
    "district_name": "KIBOGA"
  },
  {
    "constituency_code": 256,
    "constituency_name": "KABWERI COUNTY",
    "district_code": 102,
    "district_name": "KIBUKU"
  },
  {
    "constituency_code": 189,
    "constituency_name": "KIBUKU COUNTY",
    "district_code": 102,
    "district_name": "KIBUKU"
  },
  {
    "constituency_code": 29,
    "constituency_name": "BUHAGUZI COUNTY",
    "district_code": 126,
    "district_name": "KIKUUBE"
  },
  {
    "constituency_code": 344,
    "constituency_name": "BUHAGUZI EAST COUNTY",
    "district_code": 126,
    "district_name": "KIKUUBE"
  },
  {
    "constituency_code": 260,
    "constituency_name": "KASHONGI COUNTY",
    "district_code": 65,
    "district_name": "KIRUHURA"
  },
  {
    "constituency_code": 142,
    "constituency_name": "NYABUSHOZI COUNTY",
    "district_code": 65,
    "district_name": "KIRUHURA"
  },
  {
    "constituency_code": 263,
    "constituency_name": "KIBANDA NORTH COUNTY",
    "district_code": 92,
    "district_name": "KIRYANDONGO"
  },
  {
    "constituency_code": 125,
    "constituency_name": "KIBANDA SOUTH COUNTY",
    "district_code": 92,
    "district_name": "KIRYANDONGO"
  },
  {
    "constituency_code": 86,
    "constituency_name": "BUFUMBIRA COUNTY EAST",
    "district_code": 18,
    "district_name": "KISORO"
  },
  {
    "constituency_code": 87,
    "constituency_name": "BUFUMBIRA COUNTY NORTH",
    "district_code": 18,
    "district_name": "KISORO"
  },
  {
    "constituency_code": 88,
    "constituency_name": "BUFUMBIRA COUNTY SOUTH",
    "district_code": 18,
    "district_name": "KISORO"
  },
  {
    "constituency_code": 310,
    "constituency_name": "BUKIMBIRI COUNTY",
    "district_code": 18,
    "district_name": "KISORO"
  },
  {
    "constituency_code": 285,
    "constituency_name": "KISORO MUNICIPALITY",
    "district_code": 18,
    "district_name": "KISORO"
  },
  {
    "constituency_code": 54,
    "constituency_name": "KITAGWENDA COUNTY",
    "district_code": 132,
    "district_name": "KITAGWENDA"
  },
  {
    "constituency_code": 250,
    "constituency_name": "CHUA EAST COUNTY",
    "district_code": 19,
    "district_name": "KITGUM"
  },
  {
    "constituency_code": 91,
    "constituency_name": "CHUA WEST COUNTY",
    "district_code": 19,
    "district_name": "KITGUM"
  },
  {
    "constituency_code": 286,
    "constituency_name": "KITGUM MUNICIPALITY",
    "district_code": 19,
    "district_name": "KITGUM"
  },
  {
    "constituency_code": 8,
    "constituency_name": "KOBOKO COUNTY",
    "district_code": 66,
    "district_name": "KOBOKO"
  },
  {
    "constituency_code": 287,
    "constituency_name": "KOBOKO MUNICIPALITY",
    "district_code": 66,
    "district_name": "KOBOKO"
  },
  {
    "constituency_code": 266,
    "constituency_name": "KOBOKO NORTH COUNTY",
    "district_code": 66,
    "district_name": "KOBOKO"
  },
  {
    "constituency_code": 267,
    "constituency_name": "KOLE NORTH COUNTY",
    "district_code": 103,
    "district_name": "KOLE"
  },
  {
    "constituency_code": 1,
    "constituency_name": "KOLE SOUTH COUNTY",
    "district_code": 103,
    "district_name": "KOLE"
  },
  {
    "constituency_code": 94,
    "constituency_name": "JIE COUNTY",
    "district_code": 20,
    "district_name": "KOTIDO"
  },
  {
    "constituency_code": 296,
    "constituency_name": "KOTIDO MUNICIPALITY",
    "district_code": 20,
    "district_name": "KOTIDO"
  },
  {
    "constituency_code": 258,
    "constituency_name": "KANYUM COUNTY",
    "district_code": 21,
    "district_name": "KUMI"
  },
  {
    "constituency_code": 97,
    "constituency_name": "KUMI COUNTY",
    "district_code": 21,
    "district_name": "KUMI"
  },
  {
    "constituency_code": 288,
    "constituency_name": "KUMI MUNICIPALITY",
    "district_code": 21,
    "district_name": "KUMI"
  },
  {
    "constituency_code": 2,
    "constituency_name": "KWANIA COUNTY",
    "district_code": 127,
    "district_name": "KWANIA"
  },
  {
    "constituency_code": 311,
    "constituency_name": "KWANIA NORTH COUNTY",
    "district_code": 127,
    "district_name": "KWANIA"
  },
  {
    "constituency_code": 75,
    "constituency_name": "KWEEN COUNTY",
    "district_code": 104,
    "district_name": "KWEEN"
  },
  {
    "constituency_code": 328,
    "constituency_name": "SOI COUNTY",
    "district_code": 104,
    "district_name": "KWEEN"
  },
  {
    "constituency_code": 248,
    "constituency_name": "BUTEMBA COUNTY",
    "district_code": 93,
    "district_name": "KYANKWANZI"
  },
  {
    "constituency_code": 85,
    "constituency_name": "NTWETWE COUNTY",
    "district_code": 93,
    "district_name": "KYANKWANZI"
  },
  {
    "constituency_code": 334,
    "constituency_name": "KYAKA CENTRAL COUNTY",
    "district_code": 84,
    "district_name": "KYEGEGWA"
  },
  {
    "constituency_code": 55,
    "constituency_name": "KYAKA NORTH COUNTY",
    "district_code": 84,
    "district_name": "KYEGEGWA"
  },
  {
    "constituency_code": 268,
    "constituency_name": "KYAKA SOUTH COUNTY",
    "district_code": 84,
    "district_name": "KYEGEGWA"
  },
  {
    "constituency_code": 274,
    "constituency_name": "MWENGE CENTRAL COUNTY",
    "district_code": 48,
    "district_name": "KYENJOJO"
  },
  {
    "constituency_code": 56,
    "constituency_name": "MWENGE COUNTY NORTH",
    "district_code": 48,
    "district_name": "KYENJOJO"
  },
  {
    "constituency_code": 57,
    "constituency_name": "MWENGE COUNTY SOUTH",
    "district_code": 48,
    "district_name": "KYENJOJO"
  },
  {
    "constituency_code": 192,
    "constituency_name": "KAKUUTO COUNTY",
    "district_code": 119,
    "district_name": "KYOTERA"
  },
  {
    "constituency_code": 194,
    "constituency_name": "KYOTERA COUNTY",
    "district_code": 119,
    "district_name": "KYOTERA"
  },
  {
    "constituency_code": 92,
    "constituency_name": "LAMWO COUNTY",
    "district_code": 85,
    "district_name": "LAMWO"
  },
  {
    "constituency_code": 312,
    "constituency_name": "PALABEK COUNTY",
    "district_code": 85,
    "district_name": "LAMWO"
  },
  {
    "constituency_code": 100,
    "constituency_name": "ERUTE COUNTY NORTH",
    "district_code": 22,
    "district_name": "LIRA"
  },
  {
    "constituency_code": 101,
    "constituency_name": "ERUTE COUNTY SOUTH",
    "district_code": 22,
    "district_name": "LIRA"
  },
  {
    "constituency_code": 105,
    "constituency_name": "LIRA EAST DIVISION",
    "district_code": 144,
    "district_name": "LIRA CITY"
  },
  {
    "constituency_code": 349,
    "constituency_name": "LIRA WEST DIVISION",
    "district_code": 144,
    "district_name": "LIRA CITY"
  },
  {
    "constituency_code": 40,
    "constituency_name": "LUUKA NORTH COUNTY",
    "district_code": 94,
    "district_name": "LUUKA"
  },
  {
    "constituency_code": 271,
    "constituency_name": "LUUKA SOUTH COUNTY",
    "district_code": 94,
    "district_name": "LUUKA"
  },
  {
    "constituency_code": 110,
    "constituency_name": "BAMUNANIKA COUNTY",
    "district_code": 23,
    "district_name": "LUWEERO"
  },
  {
    "constituency_code": 107,
    "constituency_name": "KATIKAMU COUNTY NORTH",
    "district_code": 23,
    "district_name": "LUWEERO"
  },
  {
    "constituency_code": 108,
    "constituency_name": "KATIKAMU COUNTY SOUTH",
    "district_code": 23,
    "district_name": "LUWEERO"
  },
  {
    "constituency_code": 112,
    "constituency_name": "BUKOTO COUNTY MID-WEST",
    "district_code": 105,
    "district_name": "LWENGO"
  },
  {
    "constituency_code": 113,
    "constituency_name": "BUKOTO COUNTY WEST",
    "district_code": 105,
    "district_name": "LWENGO"
  },
  {
    "constituency_code": 115,
    "constituency_name": "BUKOTO COUNTYSOUTH",
    "district_code": 105,
    "district_name": "LWENGO"
  },
  {
    "constituency_code": 191,
    "constituency_name": "KABULA COUNTY",
    "district_code": 80,
    "district_name": "LYANTONDE"
  },
  {
    "constituency_code": 269,
    "constituency_name": "LOWER MADI COUNTY",
    "district_code": 133,
    "district_name": "MADI-OKOLLO"
  },
  {
    "constituency_code": 9,
    "constituency_name": "UPPER MADI COUNTY",
    "district_code": 133,
    "district_name": "MADI-OKOLLO"
  },
  {
    "constituency_code": 126,
    "constituency_name": "BUBULO COUNTY WEST",
    "district_code": 67,
    "district_name": "MANAFWA"
  },
  {
    "constituency_code": 339,
    "constituency_name": "BUTIRU COUNTY",
    "district_code": 67,
    "district_name": "MANAFWA"
  },
  {
    "constituency_code": 10,
    "constituency_name": "MARACHA COUNTY",
    "district_code": 77,
    "district_name": "MARACHA"
  },
  {
    "constituency_code": 272,
    "constituency_name": "MARACHA EAST COUNTY",
    "district_code": 77,
    "district_name": "MARACHA"
  },
  {
    "constituency_code": 116,
    "constituency_name": "BUKOTO COUNTY CENTRAL",
    "district_code": 24,
    "district_name": "MASAKA"
  },
  {
    "constituency_code": 114,
    "constituency_name": "BUKOTO COUNTY EAST",
    "district_code": 24,
    "district_name": "MASAKA"
  },
  {
    "constituency_code": 121,
    "constituency_name": "KIMAANYA-KABONERA DIVISION",
    "district_code": 141,
    "district_name": "MASAKA CITY"
  },
  {
    "constituency_code": 301,
    "constituency_name": "NYENDO-MUKUNGWE DIVISION",
    "district_code": 141,
    "district_name": "MASAKA CITY"
  },
  {
    "constituency_code": 122,
    "constituency_name": "BUJENJE COUNTY",
    "district_code": 25,
    "district_name": "MASINDI"
  },
  {
    "constituency_code": 124,
    "constituency_name": "BURULI COUNTY",
    "district_code": 25,
    "district_name": "MASINDI"
  },
  {
    "constituency_code": 230,
    "constituency_name": "MASINDI MUNICIPALITY",
    "district_code": 25,
    "district_name": "MASINDI"
  },
  {
    "constituency_code": 34,
    "constituency_name": "BUNYA COUNTY EAST",
    "district_code": 49,
    "district_name": "MAYUGE"
  },
  {
    "constituency_code": 35,
    "constituency_name": "BUNYA COUNTY SOUTH",
    "district_code": 49,
    "district_name": "MAYUGE"
  },
  {
    "constituency_code": 36,
    "constituency_name": "BUNYA COUNTY WEST",
    "district_code": 49,
    "district_name": "MAYUGE"
  },
  {
    "constituency_code": 332,
    "constituency_name": "BUNGOKHO CENTRAL COUNTY",
    "district_code": 26,
    "district_name": "MBALE"
  },
  {
    "constituency_code": 131,
    "constituency_name": "BUNGOKHO COUNTY NORTH",
    "district_code": 26,
    "district_name": "MBALE"
  },
  {
    "constituency_code": 132,
    "constituency_name": "BUNGOKHO COUNTY SOUTH",
    "district_code": 26,
    "district_name": "MBALE"
  },
  {
    "constituency_code": 134,
    "constituency_name": "INDUSTRIAL DIVISION",
    "district_code": 142,
    "district_name": "MBALE CITY"
  },
  {
    "constituency_code": 302,
    "constituency_name": "NORTHERN DIVISION",
    "district_code": 142,
    "district_name": "MBALE CITY"
  },
  {
    "constituency_code": 140,
    "constituency_name": "KASHARI NORTH COUNTY",
    "district_code": 27,
    "district_name": "MBARARA"
  },
  {
    "constituency_code": 259,
    "constituency_name": "KASHARI SOUTH COUNTY",
    "district_code": 27,
    "district_name": "MBARARA"
  },
  {
    "constituency_code": 144,
    "constituency_name": "MBARARA NORTH DIVISION",
    "district_code": 140,
    "district_name": "MBARARA CITY"
  },
  {
    "constituency_code": 300,
    "constituency_name": "MBARARA SOUTH DIVISION",
    "district_code": 140,
    "district_name": "MBARARA CITY"
  },
  {
    "constituency_code": 20,
    "constituency_name": "RUHINDA COUNTY",
    "district_code": 106,
    "district_name": "MITOOMA"
  },
  {
    "constituency_code": 277,
    "constituency_name": "RUHINDA NORTH COUNTY",
    "district_code": 106,
    "district_name": "MITOOMA"
  },
  {
    "constituency_code": 335,
    "constituency_name": "RUHINDA SOUTH COUNTY",
    "district_code": 106,
    "district_name": "MITOOMA"
  },
  {
    "constituency_code": 165,
    "constituency_name": "BUSUJJU COUNTY",
    "district_code": 68,
    "district_name": "MITYANA"
  },
  {
    "constituency_code": 169,
    "constituency_name": "MITYANA COUNTY NORTH",
    "district_code": 68,
    "district_name": "MITYANA"
  },
  {
    "constituency_code": 170,
    "constituency_name": "MITYANA COUNTY SOUTH",
    "district_code": 68,
    "district_name": "MITYANA"
  },
  {
    "constituency_code": 289,
    "constituency_name": "MITYANA MUNICIPALITY",
    "district_code": 68,
    "district_name": "MITYANA"
  },
  {
    "constituency_code": 147,
    "constituency_name": "MATHENIKO COUNTY",
    "district_code": 28,
    "district_name": "MOROTO"
  },
  {
    "constituency_code": 150,
    "constituency_name": "MOROTO MUNICIPALITY",
    "district_code": 28,
    "district_name": "MOROTO"
  },
  {
    "constituency_code": 278,
    "constituency_name": "TEPETH COUNTY",
    "district_code": 28,
    "district_name": "MOROTO"
  },
  {
    "constituency_code": 153,
    "constituency_name": "WEST MOYO COUNTY",
    "district_code": 29,
    "district_name": "MOYO"
  },
  {
    "constituency_code": 162,
    "constituency_name": "MAWOKOTA COUNTY NORTH",
    "district_code": 30,
    "district_name": "MPIGI"
  },
  {
    "constituency_code": 163,
    "constituency_name": "MAWOKOTA COUNTY SOUTH",
    "district_code": 30,
    "district_name": "MPIGI"
  },
  {
    "constituency_code": 166,
    "constituency_name": "BUWEKULA COUNTY",
    "district_code": 31,
    "district_name": "MUBENDE"
  },
  {
    "constituency_code": 313,
    "constituency_name": "BUWEKULA SOUTH COUNTY",
    "district_code": 31,
    "district_name": "MUBENDE"
  },
  {
    "constituency_code": 221,
    "constituency_name": "KASAMBYA COUNTY",
    "district_code": 31,
    "district_name": "MUBENDE"
  },
  {
    "constituency_code": 290,
    "constituency_name": "MUBENDE MUNICIPALITY",
    "district_code": 31,
    "district_name": "MUBENDE"
  },
  {
    "constituency_code": 176,
    "constituency_name": "MUKONO COUNTY NORTH",
    "district_code": 32,
    "district_name": "MUKONO"
  },
  {
    "constituency_code": 177,
    "constituency_name": "MUKONO COUNTY SOUTH",
    "district_code": 32,
    "district_name": "MUKONO"
  },
  {
    "constituency_code": 231,
    "constituency_name": "MUKONO MUNICIPALITY",
    "district_code": 32,
    "district_name": "MUKONO"
  },
  {
    "constituency_code": 178,
    "constituency_name": "NAKIFUMA COUNTY",
    "district_code": 32,
    "district_name": "MUKONO"
  },
  {
    "constituency_code": 148,
    "constituency_name": "PIAN COUNTY",
    "district_code": 128,
    "district_name": "NABILATUK"
  },
  {
    "constituency_code": 146,
    "constituency_name": "CHEKWII COUNTY (KADAM)",
    "district_code": 56,
    "district_name": "NAKAPIRIPIRIT"
  },
  {
    "constituency_code": 314,
    "constituency_name": "CHEKWII EAST COUNTY",
    "district_code": 56,
    "district_name": "NAKAPIRIPIRIT"
  },
  {
    "constituency_code": 315,
    "constituency_name": "NAKASEKE CENTRAL COUNTY",
    "district_code": 69,
    "district_name": "NAKASEKE"
  },
  {
    "constituency_code": 223,
    "constituency_name": "NAKASEKE NORTH COUNTY",
    "district_code": 69,
    "district_name": "NAKASEKE"
  },
  {
    "constituency_code": 109,
    "constituency_name": "NAKASEKE SOUTH COUNTY",
    "district_code": 69,
    "district_name": "NAKASEKE"
  },
  {
    "constituency_code": 218,
    "constituency_name": "BUDYEBO COUNTY",
    "district_code": 44,
    "district_name": "NAKASONGOLA"
  },
  {
    "constituency_code": 106,
    "constituency_name": "NAKASONGOLA COUNTY",
    "district_code": 44,
    "district_name": "NAKASONGOLA"
  },
  {
    "constituency_code": 235,
    "constituency_name": "BUKOOLI ISLAND COUNTY",
    "district_code": 95,
    "district_name": "NAMAYINGO"
  },
  {
    "constituency_code": 33,
    "constituency_name": "BUKOOLI SOUTH COUNTY",
    "district_code": 95,
    "district_name": "NAMAYINGO"
  },
  {
    "constituency_code": 345,
    "constituency_name": "NAMAYINGO SOUTH COUNTY",
    "district_code": 95,
    "district_name": "NAMAYINGO"
  },
  {
    "constituency_code": 329,
    "constituency_name": "BUBULO EAST COUNTY",
    "district_code": 120,
    "district_name": "NAMISINDWA"
  },
  {
    "constituency_code": 127,
    "constituency_name": "NAMISINDWA COUNTY",
    "district_code": 120,
    "district_name": "NAMISINDWA"
  },
  {
    "constituency_code": 245,
    "constituency_name": "BUKONO COUNTY",
    "district_code": 75,
    "district_name": "NAMUTUMBA"
  },
  {
    "constituency_code": 37,
    "constituency_name": "BUSIKI COUNTY",
    "district_code": 75,
    "district_name": "NAMUTUMBA"
  },
  {
    "constituency_code": 338,
    "constituency_name": "BUSIKI NORTH COUNTY",
    "district_code": 75,
    "district_name": "NAMUTUMBA"
  },
  {
    "constituency_code": 145,
    "constituency_name": "BOKORA COUNTY",
    "district_code": 107,
    "district_name": "NAPAK"
  },
  {
    "constituency_code": 321,
    "constituency_name": "BOKORA EAST COUNTY",
    "district_code": 107,
    "district_name": "NAPAK"
  },
  {
    "constituency_code": 292,
    "constituency_name": "NEBBI MUNICIPALITY",
    "district_code": 33,
    "district_name": "NEBBI"
  },
  {
    "constituency_code": 183,
    "constituency_name": "PADYERE COUNTY",
    "district_code": 33,
    "district_name": "NEBBI"
  },
  {
    "constituency_code": 318,
    "constituency_name": "KAPIR COUNTY",
    "district_code": 108,
    "district_name": "NGORA"
  },
  {
    "constituency_code": 98,
    "constituency_name": "NGORA COUNTY",
    "district_code": 108,
    "district_name": "NGORA"
  },
  {
    "constituency_code": 15,
    "constituency_name": "NTOROKO COUNTY",
    "district_code": 96,
    "district_name": "NTOROKO"
  },
  {
    "constituency_code": 184,
    "constituency_name": "KAJARA COUNTY",
    "district_code": 34,
    "district_name": "NTUNGAMO"
  },
  {
    "constituency_code": 232,
    "constituency_name": "NTUNGAMO MUNICIPALITY",
    "district_code": 34,
    "district_name": "NTUNGAMO"
  },
  {
    "constituency_code": 185,
    "constituency_name": "RUHAAMA COUNTY",
    "district_code": 34,
    "district_name": "NTUNGAMO"
  },
  {
    "constituency_code": 324,
    "constituency_name": "RUHAAMA EAST COUNTY",
    "district_code": 34,
    "district_name": "NTUNGAMO"
  },
  {
    "constituency_code": 186,
    "constituency_name": "RUSHENYI COUNTY",
    "district_code": 34,
    "district_name": "NTUNGAMO"
  },
  {
    "constituency_code": 25,
    "constituency_name": "NWOYA COUNTY",
    "district_code": 110,
    "district_name": "NWOYA"
  },
  {
    "constituency_code": 347,
    "constituency_name": "NWOYA EAST COUNTY",
    "district_code": 110,
    "district_name": "NWOYA"
  },
  {
    "constituency_code": 152,
    "constituency_name": "OBONGI COUNTY",
    "district_code": 134,
    "district_name": "OBONGI"
  },
  {
    "constituency_code": 26,
    "constituency_name": "OMORO COUNTY",
    "district_code": 115,
    "district_name": "OMORO"
  },
  {
    "constituency_code": 280,
    "constituency_name": "TOCHI COUNTY",
    "district_code": 115,
    "district_name": "OMORO"
  },
  {
    "constituency_code": 104,
    "constituency_name": "OTUKE COUNTY",
    "district_code": 86,
    "district_name": "OTUKE"
  },
  {
    "constituency_code": 323,
    "constituency_name": "OTUKE EAST COUNTY",
    "district_code": 86,
    "district_name": "OTUKE"
  },
  {
    "constituency_code": 4,
    "constituency_name": "OYAM COUNTY NORTH",
    "district_code": 76,
    "district_name": "OYAM"
  },
  {
    "constituency_code": 5,
    "constituency_name": "OYAM COUNTY SOUTH",
    "district_code": 76,
    "district_name": "OYAM"
  },
  {
    "constituency_code": 90,
    "constituency_name": "ARUU COUNTY",
    "district_code": 50,
    "district_name": "PADER"
  },
  {
    "constituency_code": 243,
    "constituency_name": "ARUU NORTH COUNTY",
    "district_code": 50,
    "district_name": "PADER"
  },
  {
    "constituency_code": 181,
    "constituency_name": "JONAM COUNTY",
    "district_code": 121,
    "district_name": "PAKWACH"
  },
  {
    "constituency_code": 234,
    "constituency_name": "AGULE COUNTY",
    "district_code": 35,
    "district_name": "PALLISA"
  },
  {
    "constituency_code": 337,
    "constituency_name": "GOGONYO COUNTY",
    "district_code": 35,
    "district_name": "PALLISA"
  },
  {
    "constituency_code": 261,
    "constituency_name": "KIBALE COUNTY",
    "district_code": 35,
    "district_name": "PALLISA"
  },
  {
    "constituency_code": 190,
    "constituency_name": "PALLISA COUNTY",
    "district_code": 35,
    "district_name": "PALLISA"
  },
  {
    "constituency_code": 249,
    "constituency_name": "BUYAMBA COUNTY",
    "district_code": 36,
    "district_name": "RAKAI"
  },
  {
    "constituency_code": 193,
    "constituency_name": "KOOKI COUNTY",
    "district_code": 36,
    "district_name": "RAKAI"
  },
  {
    "constituency_code": 47,
    "constituency_name": "RUBANDA COUNTY EAST",
    "district_code": 116,
    "district_name": "RUBANDA"
  },
  {
    "constituency_code": 48,
    "constituency_name": "RUBANDA COUNTY WEST",
    "district_code": 116,
    "district_name": "RUBANDA"
  },
  {
    "constituency_code": 17,
    "constituency_name": "BUNYARUGURU COUNTY",
    "district_code": 112,
    "district_name": "RUBIRIZI"
  },
  {
    "constituency_code": 222,
    "constituency_name": "KATERERA COUNTY",
    "district_code": 112,
    "district_name": "RUBIRIZI"
  },
  {
    "constituency_code": 49,
    "constituency_name": "RUKIGA COUNTY",
    "district_code": 122,
    "district_name": "RUKIGA"
  },
  {
    "constituency_code": 197,
    "constituency_name": "RUBABO COUNTY",
    "district_code": 37,
    "district_name": "RUKUNGIRI"
  },
  {
    "constituency_code": 198,
    "constituency_name": "RUJUMBURA COUNTY",
    "district_code": 37,
    "district_name": "RUKUNGIRI"
  },
  {
    "constituency_code": 233,
    "constituency_name": "RUKUNGIRI MUNICIPALITY",
    "district_code": 37,
    "district_name": "RUKUNGIRI"
  },
  {
    "constituency_code": 143,
    "constituency_name": "RWAMPARA COUNTY",
    "district_code": 135,
    "district_name": "RWAMPARA"
  },
  {
    "constituency_code": 342,
    "constituency_name": "RWAMPARA EAST COUNTY",
    "district_code": 135,
    "district_name": "RWAMPARA"
  },
  {
    "constituency_code": 203,
    "constituency_name": "KASILO COUNTY",
    "district_code": 97,
    "district_name": "SERERE"
  },
  {
    "constituency_code": 331,
    "constituency_name": "PINGIRE COUNTY",
    "district_code": 97,
    "district_name": "SERERE"
  },
  {
    "constituency_code": 204,
    "constituency_name": "SERERE COUNTY",
    "district_code": 97,
    "district_name": "SERERE"
  },
  {
    "constituency_code": 21,
    "constituency_name": "SHEEMA COUNTY NORTH",
    "district_code": 101,
    "district_name": "SHEEMA"
  },
  {
    "constituency_code": 22,
    "constituency_name": "SHEEMA COUNTY SOUTH",
    "district_code": 101,
    "district_name": "SHEEMA"
  },
  {
    "constituency_code": 294,
    "constituency_name": "SHEEMA MUNICIPALITY",
    "district_code": 101,
    "district_name": "SHEEMA"
  },
  {
    "constituency_code": 128,
    "constituency_name": "BUDADIRI COUNTY EAST",
    "district_code": 51,
    "district_name": "SIRONKO"
  },
  {
    "constituency_code": 129,
    "constituency_name": "BUDADIRI COUNTY WEST",
    "district_code": 51,
    "district_name": "SIRONKO"
  },
  {
    "constituency_code": 251,
    "constituency_name": "DAKABELA COUNTY",
    "district_code": 38,
    "district_name": "SOROTI"
  },
  {
    "constituency_code": 330,
    "constituency_name": "GWERI COUNTY",
    "district_code": 38,
    "district_name": "SOROTI"
  },
  {
    "constituency_code": 205,
    "constituency_name": "SOROTI COUNTY",
    "district_code": 38,
    "district_name": "SOROTI"
  },
  {
    "constituency_code": 207,
    "constituency_name": "SOROTI EAST DIVISION",
    "district_code": 146,
    "district_name": "SOROTI CITY"
  },
  {
    "constituency_code": 351,
    "constituency_name": "SOROTI WEST DIVISION",
    "district_code": 146,
    "district_name": "SOROTI CITY"
  },
  {
    "constituency_code": 119,
    "constituency_name": "LWEMIYAGA COUNTY",
    "district_code": 45,
    "district_name": "SSEMBABULE"
  },
  {
    "constituency_code": 120,
    "constituency_name": "MAWOGOLA COUNTY",
    "district_code": 45,
    "district_name": "SSEMBABULE"
  },
  {
    "constituency_code": 273,
    "constituency_name": "MAWOGOLA NORTH COUNTY",
    "district_code": 45,
    "district_name": "SSEMBABULE"
  },
  {
    "constituency_code": 322,
    "constituency_name": "MAWOGOLA WEST COUNTY",
    "district_code": 45,
    "district_name": "SSEMBABULE"
  },
  {
    "constituency_code": 279,
    "constituency_name": "TEREGO EAST COUNTY",
    "district_code": 143,
    "district_name": "TEREGO"
  },
  {
    "constituency_code": 11,
    "constituency_name": "TEREGO WEST COUNTY",
    "district_code": 143,
    "district_name": "TEREGO"
  },
  {
    "constituency_code": 214,
    "constituency_name": "TORORO MUNICIPALITY",
    "district_code": 39,
    "district_name": "TORORO"
  },
  {
    "constituency_code": 281,
    "constituency_name": "TORORO NORTH COUNTY",
    "district_code": 39,
    "district_name": "TORORO"
  },
  {
    "constituency_code": 213,
    "constituency_name": "TORORO SOUTH COUNTY",
    "district_code": 39,
    "district_name": "TORORO"
  },
  {
    "constituency_code": 316,
    "constituency_name": "WEST BUDAMA CENTRAL COUNTY",
    "district_code": 39,
    "district_name": "TORORO"
  },
  {
    "constituency_code": 209,
    "constituency_name": "WEST BUDAMA COUNTY NORTH",
    "district_code": 39,
    "district_name": "TORORO"
  },
  {
    "constituency_code": 210,
    "constituency_name": "WEST BUDAMA COUNTY SOUTH",
    "district_code": 39,
    "district_name": "TORORO"
  },
  {
    "constituency_code": 343,
    "constituency_name": "WEST BUDAMA NORTH EAST COUNTY",
    "district_code": 39,
    "district_name": "TORORO"
  },
  {
    "constituency_code": 154,
    "constituency_name": "BUSIRO COUNTY EAST",
    "district_code": 52,
    "district_name": "WAKISO"
  },
  {
    "constituency_code": 155,
    "constituency_name": "BUSIRO COUNTY NORTH",
    "district_code": 52,
    "district_name": "WAKISO"
  },
  {
    "constituency_code": 156,
    "constituency_name": "BUSIRO COUNTY SOUTH",
    "district_code": 52,
    "district_name": "WAKISO"
  },
  {
    "constituency_code": 164,
    "constituency_name": "ENTEBBE MUNICIPALITY",
    "district_code": 52,
    "district_name": "WAKISO"
  },
  {
    "constituency_code": 284,
    "constituency_name": "KIRA MUNICIPALITY",
    "district_code": 52,
    "district_name": "WAKISO"
  },
  {
    "constituency_code": 159,
    "constituency_name": "KYADONDO COUNTY EAST",
    "district_code": 52,
    "district_name": "WAKISO"
  },
  {
    "constituency_code": 161,
    "constituency_name": "MAKINDYE-SSABAGABO MUNICIPALITY",
    "district_code": 52,
    "district_name": "WAKISO"
  },
  {
    "constituency_code": 160,
    "constituency_name": "NANSANA MUNICIPALITY",
    "district_code": 52,
    "district_name": "WAKISO"
  },
  {
    "constituency_code": 6,
    "constituency_name": "ARINGA COUNTY",
    "district_code": 53,
    "district_name": "YUMBE"
  },
  {
    "constituency_code": 333,
    "constituency_name": "ARINGA EAST COUNTY",
    "district_code": 53,
    "district_name": "YUMBE"
  },
  {
    "constituency_code": 241,
    "constituency_name": "ARINGA NORTH COUNTY",
    "district_code": 53,
    "district_name": "YUMBE"
  },
  {
    "constituency_code": 242,
    "constituency_name": "ARINGA SOUTH COUNTY",
    "district_code": 53,
    "district_name": "YUMBE"
  },
  {
    "constituency_code": 182,
    "constituency_name": "OKORO COUNTY",
    "district_code": 87,
    "district_name": "ZOMBO"
  },
  {
    "constituency_code": 275,
    "constituency_name": "ORA COUNTY",
    "district_code": 87,
    "district_name": "ZOMBO"
  }
]